Row Labels,Price Low,Price High,Average Volume,Average Price,Volatility,,,,
A,$60.42 ,$82.27 ,"2,392,706",$69.20 ,32%,,,,
AAL,$28.81 ,$48.38 ,"7,680,660",$37.37 ,52%,,,Median Volume,"2,236,151"
AAP,$102.15 ,$186.15 ,"1,117,343",$153.11 ,55%,,,Median Percentage Change,37%
AAPL,$142.00 ,$233.47 ,"32,402,673",$189.41 ,48%,,,,
ABBV,$75.77 ,$107.25 ,"6,844,447",$90.29 ,35%,,,,
ABC,$69.36 ,$95.00 ,"1,415,069",$84.88 ,30%,,,,
ABMD,$267.60 ,$459.75 ,"681,684",$358.63 ,54%,,,,
ABT,$56.81 ,$80.74 ,"6,004,622",$68.42 ,35%,,,,
ACN,$132.63 ,$179.36 ,"2,145,992",$160.41 ,29%,,,,
ADBE,$204.95 ,$277.61 ,"3,263,917",$248.74 ,29%,,,,
ADI,$76.62 ,$114.29 ,"2,834,831",$95.09 ,40%,,,,
ADM,$39.16 ,$52.07 ,"3,584,798",$45.80 ,28%,,,,
ADP,$112.58 ,$163.38 ,"2,181,417",$140.28 ,36%,,,,
ADS,$142.58 ,$250.27 ,"577,371",$203.47 ,53%,,,,
ADSK,$117.72 ,$173.44 ,"1,987,128",$140.97 ,40%,,,,
AEE,$55.21 ,$74.91 ,"1,485,270",$64.71 ,30%,,,,
AEP,$62.71 ,$86.10 ,"2,781,427",$73.77 ,32%,,,,
AES,$11.31 ,$18.52 ,"6,440,700",$14.63 ,49%,,,,
AFL,$41.45 ,$50.66 ,"3,251,704",$46.01 ,20%,,,,
AGN,$125.84 ,$197.00 ,"2,427,867",$162.76 ,44%,,,,
AIG,$36.16 ,$56.79 ,"5,972,504",$48.29 ,43%,,,,
AIV,$38.54 ,$51.15 ,"1,147,902",$44.59 ,28%,,,,
AIZ,$82.31 ,$111.43 ,"676,531",$98.80 ,29%,,,,
AJG,$64.54 ,$81.09 ,"991,023",$73.13 ,23%,,,,
AKAM,$57.18 ,$83.08 ,"1,749,121",$71.29 ,36%,,,,
ALB,$71.89 ,$108.74 ,"1,467,488",$92.03 ,40%,,,,
ALGN,$177.93 ,$398.88 ,"1,171,496",$291.46 ,76%,,,,
ALK,$53.39 ,$74.83 ,"1,827,827",$63.05 ,34%,,,,
ALL,$77.00 ,$102.73 ,"2,014,939",$93.22 ,28%,,,,
ALLE,$73.85 ,$95.27 ,"718,460",$84.74 ,25%,,,,
ALXN,$92.56 ,$141.86 ,"1,578,878",$122.26 ,40%,,,,
AMAT,$28.79 ,$58.40 ,"12,449,385",$41.65 ,71%,,,,
AMD,$9.56 ,$34.14 ,"90,118,063",$20.53 ,120%,,,,
AME,$63.14 ,$85.92 ,"1,343,982",$74.96 ,30%,,,,
AMG,$88.47 ,$174.95 ,"539,671",$130.84 ,66%,,,,
AMGN,$165.22 ,$210.19 ,"2,894,688",$190.76 ,24%,,,,
AMP,$95.69 ,$153.15 ,"1,024,599",$133.55 ,43%,,,,
AMT,$133.53 ,$198.19 ,"1,963,760",$156.19 ,41%,,,,
AMZN,"$1,307.00 ","$2,050.50 ","5,353,040","$1,714.02 ",43%,,,,
ANET,$187.08 ,$326.49 ,"948,476",$256.68 ,54%,,,,
ANSS,$136.80 ,$190.45 ,"518,163",$168.65 ,32%,,,,
ANTM,$219.96 ,$317.99 ,"1,439,177",$265.74 ,37%,,,,
AON,$134.82 ,$176.30 ,"977,348",$152.30 ,27%,,,,
AOS,$40.34 ,$66.21 ,"1,607,187",$54.12 ,48%,,,,
APA,$24.56 ,$50.03 ,"4,040,173",$38.90 ,65%,,,,
APC,$40.40 ,$76.70 ,"5,337,598",$58.90 ,62%,,,,
APD,$148.44 ,$195.36 ,"1,083,704",$165.41 ,28%,,,,
APH,$74.95 ,$103.84 ,"1,361,311",$89.49 ,32%,,,,
APTV,$58.80 ,$103.23 ,"1,875,624",$83.67 ,53%,,,,
ARE,$109.04 ,$144.46 ,"653,917",$127.03 ,28%,,,,
ARNC,$15.63 ,$24.07 ,"4,644,466",$19.70 ,43%,,,,
ATO,$82.63 ,$104.07 ,"738,630",$93.56 ,23%,,,,
ATVI,$39.85 ,$84.68 ,"8,895,471",$62.37 ,72%,,,,
AVB,$156.93 ,$204.14 ,"612,892",$180.16 ,26%,,,,
AVGO,$197.46 ,$317.44 ,"3,871,031",$246.68 ,49%,,,,
AVY,$82.89 ,$116.44 ,"688,148",$103.05 ,33%,,,,
AWK,$77.73 ,$107.71 ,"890,562",$90.78 ,33%,,,,
AXP,$89.05 ,$114.55 ,"3,551,151",$103.63 ,25%,,,,
AZO,$590.76 ,"$1,072.22 ","325,400",$785.02 ,61%,,,,
BA,$292.47 ,$446.01 ,"4,744,765",$358.09 ,43%,,,,
BAC,$22.66 ,$31.91 ,"64,615,882",$28.90 ,32%,,,,
BAX,$61.05 ,$82.25 ,"3,262,360",$71.74 ,30%,,,,
BBT,$40.68 ,$56.03 ,"4,644,983",$50.19 ,31%,,,,
BBY,$47.72 ,$84.37 ,"3,573,127",$69.95 ,52%,,,,
BDX,$208.62 ,$265.87 ,"1,092,991",$241.32 ,24%,,,,
BEN,$27.34 ,$35.65 ,"3,412,182",$32.07 ,26%,,,,
BHGE,$20.09 ,$37.76 ,"4,797,050",$29.39 ,60%,,,,
BIIB,$216.12 ,$388.67 ,"1,692,243",$313.39 ,55%,,,,
BK,$43.67 ,$58.22 ,"5,308,151",$52.00 ,28%,,,,
BKNG,"$1,606.27 ","$2,201.84 ","433,058","$1,914.48 ",31%,,,,
BLK,$360.79 ,$557.00 ,"682,880",$458.41 ,43%,,,,
BLL,$34.71 ,$58.95 ,"2,898,733",$45.37 ,53%,,,,
BMY,$44.30 ,$63.69 ,"11,343,176",$53.70 ,36%,,,,
BR,$91.34 ,$138.24 ,"1,037,604",$112.20 ,42%,,,,
BSX,$27.91 ,$41.00 ,"7,334,427",$35.23 ,37%,,,,
BWA,$32.46 ,$54.35 ,"1,896,785",$42.73 ,51%,,,,
BXP,$107.84 ,$139.41 ,"737,488",$125.14 ,25%,,,,
C,$48.42 ,$75.24 ,"17,148,785",$66.14 ,41%,,,,
CAG,$20.22 ,$39.43 ,"6,450,126",$32.04 ,60%,,,,
CAH,$42.17 ,$66.45 ,"3,458,117",$51.99 ,47%,,,,
CAT,$112.06 ,$161.60 ,"5,024,777",$138.31 ,36%,,,,
CB,$119.54 ,$141.59 ,"1,661,331",$132.74 ,17%,,,,
CBOE,$87.87 ,$115.11 ,"889,438",$100.88 ,27%,,,,
CBRE,$37.45 ,$52.19 ,"1,795,198",$45.97 ,32%,,,,
CBS,$41.38 ,$59.59 ,"3,339,486",$52.27 ,35%,,,,
CCI,$98.85 ,$130.60 ,"2,185,757",$111.36 ,29%,,,,
CCL,$45.64 ,$67.69 ,"4,067,981",$58.80 ,38%,,,,
CDNS,$36.65 ,$65.45 ,"1,976,714",$46.75 ,62%,,,,
CE,$82.91 ,$119.29 ,"1,223,618",$105.48 ,34%,,,,
CELG,$58.59 ,$95.30 ,"7,721,521",$83.39 ,44%,,,,
CERN,$48.78 ,$67.57 ,"2,128,931",$59.22 ,32%,,,,
CF,$37.02 ,$56.51 ,"2,870,681",$44.76 ,44%,,,,
CFG,$27.62 ,$43.62 ,"4,722,476",$37.67 ,42%,,,,
CHD,$44.87 ,$74.14 ,"1,947,212",$59.32 ,49%,,,,
CHRW,$78.83 ,$101.20 ,"1,200,302",$89.96 ,25%,,,,
CHTR,$250.10 ,$368.02 ,"1,517,389",$310.31 ,38%,,,,
CI,$158.00 ,$226.61 ,"2,535,316",$187.15 ,37%,,,,
CINF,$66.33 ,$87.52 ,"589,671",$76.88 ,28%,,,,
CL,$57.41 ,$72.61 ,"4,245,388",$64.70 ,23%,,,,
CLX,$113.57 ,$167.70 ,"1,144,996",$144.97 ,37%,,,,
CMA,$63.69 ,$101.05 ,"1,905,100",$87.10 ,43%,,,,
CMCSA,$30.43 ,$41.33 ,"22,626,061",$35.76 ,30%,,,,
CME,$153.90 ,$197.08 ,"1,725,984",$173.53 ,25%,,,,
CMG,$315.95 ,$721.21 ,"772,121",$492.82 ,82%,,,,
CMI,$124.40 ,$172.08 ,"1,434,977",$145.58 ,33%,,,,
CMS,$42.52 ,$56.30 ,"2,466,164",$49.61 ,28%,,,,
CNC,$49.56 ,$74.49 ,"3,419,464",$63.71 ,39%,,,,
CNP,$24.81 ,$31.42 ,"4,839,296",$28.21 ,23%,,,,
COF,$69.90 ,$101.26 ,"2,634,263",$89.66 ,35%,,,,
COG,$20.95 ,$27.62 ,"6,291,964",$24.08 ,28%,,,,
COO,$219.54 ,$302.36 ,"372,044",$258.27 ,32%,,,,
COP,$56.75 ,$80.24 ,"6,582,049",$68.71 ,34%,,,,
COST,$187.01 ,$247.09 ,"2,223,537",$218.34 ,28%,,,,
COTY,$5.91 ,$18.14 ,"9,697,425",$11.54 ,106%,,,,
CPB,$32.03 ,$43.98 ,"3,747,658",$38.06 ,31%,,,,
CPRI,$35.68 ,$75.96 ,"2,771,301",$56.87 ,71%,,,,
CPRT,$44.61 ,$67.08 ,"2,031,799",$54.93 ,41%,,,,
CRM,$113.60 ,$166.99 ,"5,702,559",$143.53 ,37%,,,,
CSCO,$40.25 ,$56.36 ,"22,253,581",$46.25 ,35%,,,,
CSX,$55.39 ,$77.15 ,"5,399,138",$68.64 ,32%,,,,
CTAS,$155.98 ,$217.34 ,"548,614",$191.08 ,32%,,,,
CTL,$11.52 ,$24.20 ,"12,104,873",$17.86 ,71%,,,,
CTSH,$59.47 ,$83.35 ,"3,468,156",$73.94 ,32%,,,,
CTXS,$93.91 ,$116.82 ,"1,861,167",$106.01 ,22%,,,,
CVS,$51.77 ,$82.15 ,"9,792,803",$68.07 ,45%,,,,
CVX,$100.22 ,$131.08 ,"6,479,885",$120.26 ,26%,,,,
CXO,$93.31 ,$163.11 ,"2,050,728",$131.44 ,53%,,,,
D,$61.53 ,$77.50 ,"4,109,886",$70.86 ,23%,,,,
DAL,$45.08 ,$61.32 ,"7,040,428",$53.30 ,30%,,,,
DE,$128.32 ,$167.82 ,"2,445,332",$149.75 ,26%,,,,
DFS,$54.36 ,$80.36 ,"2,105,292",$71.70 ,36%,,,,
DG,$86.87 ,$123.50 ,"2,393,730",$107.02 ,34%,,,,
DGX,$78.95 ,$116.49 ,"1,132,821",$98.35 ,38%,,,,
DHI,$32.39 ,$46.91 ,"5,155,479",$40.49 ,36%,,,,
DHR,$94.59 ,$134.50 ,"2,607,132",$106.51 ,37%,,,,
DIS,$97.68 ,$130.90 ,"9,020,288",$110.30 ,30%,,,,
DISCA,$20.60 ,$34.89 ,"4,485,671",$27.79 ,51%,,,,
DISCK,$19.25 ,$31.55 ,"2,830,999",$25.80 ,48%,,,,
DISH,$23.22 ,$39.50 ,"3,094,091",$32.47 ,50%,,,,
DLR,$100.05 ,$125.10 ,"1,323,985",$112.63 ,22%,,,,
DLTR,$78.78 ,$106.90 ,"3,129,005",$90.90 ,31%,,,,
DOV,$65.83 ,$97.65 ,"1,506,864",$82.47 ,39%,,,,
DRE,$24.67 ,$31.07 ,"2,236,151",$28.47 ,22%,,,,
DRI,$84.37 ,$124.00 ,"1,450,253",$106.31 ,37%,,,,
DTE,$94.25 ,$126.07 ,"1,177,053",$111.84 ,28%,,,,
DUK,$71.96 ,$91.67 ,"3,672,271",$83.17 ,24%,,,,
DVA,$48.25 ,$79.11 ,"1,588,133",$63.97 ,48%,,,,
DVN,$20.37 ,$46.54 ,"7,448,648",$35.03 ,75%,,,,
DWDP,$32.88 ,$48.37 ,"14,331,610",$41.13 ,38%,,,,
DXC,$49.19 ,$96.75 ,"2,355,852",$76.15 ,62%,,,,
EA,$73.91 ,$151.26 ,"4,971,177",$110.78 ,70%,,,,
EBAY,$26.01 ,$43.00 ,"11,619,877",$34.37 ,49%,,,,
ECL,$135.77 ,$185.31 ,"1,103,168",$153.42 ,32%,,,,
ED,$71.12 ,$85.87 ,"1,953,625",$78.57 ,19%,,,,
EFX,$88.68 ,$138.69 ,"1,090,285",$115.78 ,43%,,,,
EIX,$45.50 ,$71.00 ,"2,426,900",$62.82 ,41%,,,,
EL,$121.47 ,$169.47 ,"2,078,093",$142.97 ,34%,,,,
EMN,$67.40 ,$110.17 ,"1,133,332",$90.27 ,47%,,,,
EMR,$55.39 ,$79.70 ,"3,370,465",$69.48 ,35%,,,,
EOG,$82.04 ,$133.53 ,"3,505,426",$109.86 ,47%,,,,
EQIX,$335.29 ,$467.99 ,"555,902",$411.80 ,32%,,,,
EQR,$59.29 ,$77.46 ,"1,715,050",$67.37 ,27%,,,,
ES,$52.76 ,$72.26 ,"1,734,379",$63.56 ,31%,,,,
ESS,$226.22 ,$294.61 ,"369,331",$252.66 ,27%,,,,
ETFC,$40.41 ,$66.46 ,"2,781,707",$54.08 ,48%,,,,
ETN,$64.46 ,$89.46 ,"2,703,674",$77.77 ,32%,,,,
ETR,$75.45 ,$96.87 ,"1,560,303",$84.86 ,25%,,,,
EVRG,$50.89 ,$61.10 ,"1,991,397",$56.74 ,18%,,,,
EW,$123.00 ,$197.86 ,"1,409,549",$154.23 ,49%,,,,
EXC,$38.03 ,$50.85 ,"5,618,335",$44.34 ,29%,,,,
EXPD,$61.69 ,$79.25 ,"1,216,678",$72.10 ,24%,,,,
EXPE,$105.87 ,$139.77 ,"1,637,513",$122.11 ,28%,,,,
EXR,$83.70 ,$102.78 ,"932,780",$93.76 ,20%,,,,
F,$7.41 ,$12.15 ,"42,360,098",$9.68 ,49%,,,,
FANG,$85.19 ,$140.78 ,"2,089,448",$115.96 ,48%,,,,
FAST,$47.37 ,$69.80 ,"2,774,141",$56.21 ,40%,,,,
FB,$123.02 ,$218.62 ,"23,411,908",$167.13 ,57%,,,,
FBHS,$35.27 ,$59.61 ,"1,830,103",$49.94 ,49%,,,,
FCX,$9.60 ,$19.70 ,"19,540,365",$13.83 ,73%,,,,
FDX,$150.94 ,$266.67 ,"1,920,201",$218.11 ,53%,,,,
FE,$32.92 ,$42.13 ,"4,397,552",$37.32 ,25%,,,,
FFIV,$148.91 ,$199.71 ,"696,610",$171.42 ,30%,,,,
FIS,$93.87 ,$115.56 ,"1,868,285",$105.72 ,21%,,,,
FISV,$68.43 ,$91.19 ,"2,829,712",$78.35 ,29%,,,,
FITB,$22.12 ,$34.67 ,"6,715,710",$28.35 ,44%,,,,
FL,$40.02 ,$68.00 ,"3,027,113",$52.14 ,54%,,,,
FLIR,$40.52 ,$63.88 ,"986,852",$52.40 ,45%,,,,
FLR,$29.78 ,$62.08 ,"1,695,621",$46.07 ,70%,,,,
FLS,$35.88 ,$56.86 ,"1,200,821",$45.75 ,46%,,,,
FLT,$172.18 ,$252.34 ,"771,276",$210.77 ,38%,,,,
FMC,$60.16 ,$81.01 ,"1,254,498",$73.73 ,28%,,,,
FOX,$35.21 ,$51.88 ,"4,364,883",$44.63 ,37%,,,,
FOXA,$35.79 ,$51.82 ,"11,180,255",$44.95 ,36%,,,,
FRC,$79.42 ,$106.75 ,"1,316,677",$97.22 ,28%,,,,
FRT,$110.66 ,$139.29 ,"410,877",$126.12 ,23%,,,,
FTI,$18.20 ,$34.39 ,"3,810,433",$27.41 ,59%,,,,
FTNT,$53.40 ,$94.37 ,"1,984,102",$73.99 ,55%,,,,
FTV,$62.89 ,$88.34 ,"2,893,717",$77.62 ,33%,,,,
GD,$143.87 ,$229.74 ,"1,508,450",$185.51 ,46%,,,,
GE,$6.40 ,$14.99 ,"94,989,792",$10.97 ,78%,,,,
GILD,$60.32 ,$79.61 ,"7,154,108",$70.36 ,27%,,,,
GIS,$36.42 ,$51.96 ,"5,168,672",$44.38 ,35%,,,,
GLW,$26.11 ,$36.56 ,"5,326,260",$31.45 ,33%,,,,
GM,$30.56 ,$45.00 ,"11,376,243",$37.22 ,39%,,,,
GOOG,$970.11 ,"$1,273.89 ","1,602,805","$1,124.59 ",27%,,,,
GOOGL,$977.66 ,"$1,291.44 ","1,861,862","$1,133.90 ",28%,,,,
GPC,$86.89 ,$115.20 ,"903,797",$98.77 ,29%,,,,
GPN,$94.81 ,$139.40 ,"1,144,180",$117.22 ,38%,,,,
GPS,$24.25 ,$34.21 ,"5,275,113",$28.10 ,35%,,,,
GRMN,$57.01 ,$89.72 ,"1,066,812",$67.45 ,48%,,,,
GS,$151.70 ,$262.50 ,"3,319,962",$214.81 ,52%,,,,
GWW,$265.00 ,$372.06 ,"635,644",$310.37 ,34%,,,,
HAL,$24.70 ,$54.91 ,"9,617,165",$38.25 ,79%,,,,
HAS,$76.84 ,$109.60 ,"1,300,224",$92.05 ,36%,,,,
HBAN,$11.12 ,$16.52 ,"11,528,737",$14.45 ,37%,,,,
HBI,$11.57 ,$22.57 ,"6,171,742",$17.60 ,62%,,,,
HCA,$93.03 ,$147.42 ,"1,797,281",$124.66 ,44%,,,,
HCP,$21.80 ,$32.23 ,"3,272,262",$27.26 ,38%,,,,
HD,$158.09 ,$215.43 ,"4,753,553",$188.71 ,30%,,,,
HES,$35.59 ,$74.81 ,"3,754,746",$59.84 ,66%,,,,
HFC,$46.75 ,$83.28 ,"2,591,369",$62.86 ,58%,,,,
HIG,$40.54 ,$55.16 ,"2,400,073",$49.04 ,30%,,,,
HII,$173.80 ,$267.73 ,"390,795",$222.12 ,42%,,,,
HLT,$63.76 ,$89.34 ,"3,211,083",$78.04 ,33%,,,,
HOG,$31.36 ,$46.79 ,"2,283,163",$40.21 ,38%,,,,
HOLX,$35.10 ,$48.82 ,"2,131,628",$41.61 ,33%,,,,
HON,$123.48 ,$162.63 ,"2,916,683",$146.99 ,27%,,,,
HP,$44.56 ,$74.36 ,"1,341,207",$61.67 ,48%,,,,
HPE,$12.09 ,$17.88 ,"11,048,283",$15.72 ,37%,,,,
HPQ,$18.46 ,$27.08 ,"9,821,637",$22.69 ,38%,,,,
HRB,$22.45 ,$29.81 ,"3,057,423",$25.78 ,29%,,,,
HRL,$34.12 ,$46.26 ,"2,735,894",$40.24 ,30%,,,,
HRS,$123.24 ,$175.50 ,"891,980",$154.86 ,34%,,,,
HSIC,$53.69 ,$71.65 ,"1,821,208",$61.49 ,29%,,,,
HST,$15.94 ,$22.47 ,"6,741,439",$19.72 ,33%,,,,
HSY,$89.10 ,$116.73 ,"1,210,977",$102.41 ,27%,,,,
HUM,$251.69 ,$355.88 ,"825,541",$305.05 ,34%,,,,
IBM,$105.94 ,$162.00 ,"5,080,068",$137.46 ,41%,,,,
ICE,$67.70 ,$82.65 ,"2,717,171",$75.08 ,20%,,,,
IDXX,$176.11 ,$256.22 ,"502,570",$216.42 ,37%,,,,
IFF,$121.85 ,$150.57 ,"929,104",$133.11 ,22%,,,,
ILMN,$226.62 ,$372.61 ,"974,131",$305.37 ,48%,,,,
INCY,$57.00 ,$88.83 ,"1,663,451",$71.14 ,45%,,,,
INFO,$44.52 ,$55.99 ,"1,905,762",$52.08 ,22%,,,,
INTC,$42.36 ,$57.60 ,"25,691,701",$50.04 ,30%,,,,
INTU,$171.11 ,$272.14 ,"1,561,556",$214.69 ,47%,,,,
IP,$37.55 ,$59.57 ,"3,059,113",$48.96 ,45%,,,,
IPG,$19.61 ,$25.77 ,"4,358,303",$22.75 ,27%,,,,
IPGP,$104.64 ,$261.77 ,"564,571",$172.31 ,91%,,,,
IQV,$91.57 ,$146.10 ,"1,338,186",$120.22 ,45%,,,,
IR,$79.63 ,$114.50 ,"1,583,098",$97.27 ,36%,,,,
IRM,$30.22 ,$37.32 ,"1,850,130",$34.48 ,21%,,,,
ISRG,$411.81 ,$589.32 ,"764,029",$513.96 ,35%,,,,
IT,$114.40 ,$161.21 ,"617,195",$140.43 ,33%,,,,
ITW,$117.75 ,$160.21 ,"1,608,591",$139.72 ,30%,,,,
IVZ,$15.38 ,$31.53 ,"4,665,269",$22.78 ,71%,,,,
JBHT,$88.38 ,$131.74 ,"889,788",$113.16 ,38%,,,,
JCI,$28.30 ,$40.33 ,"4,950,615",$34.81 ,35%,,,,
JEC,$55.17 ,$82.24 ,"1,236,164",$68.21 ,40%,,,,
JEF,$16.20 ,$25.07 ,"2,234,057",$21.61 ,41%,,,,
JKHY,$116.79 ,$163.68 ,"536,622",$137.13 ,34%,,,,
JNJ,$118.62 ,$148.99 ,"7,336,913",$133.01 ,23%,,,,
JNPR,$23.61 ,$30.80 ,"4,410,264",$27.40 ,26%,,,,
JPM,$91.11 ,$119.24 ,"14,551,497",$108.06 ,26%,,,,
JWN,$42.54 ,$67.75 ,"2,759,186",$52.08 ,48%,,,,
K,$53.14 ,$74.98 ,"2,581,157",$63.84 ,34%,,,,
KEY,$13.66 ,$21.91 ,"11,381,729",$18.66 ,44%,,,,
KEYS,$50.59 ,$92.00 ,"1,642,127",$65.17 ,64%,,,,
KHC,$31.53 ,$64.99 ,"7,624,628",$51.95 ,64%,,,,
KIM,$13.16 ,$18.64 ,"3,851,212",$16.32 ,34%,,,,
KLAC,$80.65 ,$125.50 ,"1,601,186",$105.33 ,43%,,,,
KMB,$97.10 ,$124.50 ,"2,176,778",$111.28 ,25%,,,,
KMI,$14.62 ,$20.44 ,"14,388,775",$17.62 ,33%,,,,
KMX,$55.24 ,$81.67 ,"1,752,092",$68.14 ,39%,,,,
KO,$41.45 ,$50.84 ,"13,276,519",$45.96 ,20%,,,,
KR,$23.48 ,$32.74 ,"9,212,615",$27.83 ,33%,,,,
KSS,$57.89 ,$83.28 ,"3,529,562",$70.36 ,36%,,,,
KSU,$90.55 ,$120.34 ,"1,113,891",$108.35 ,27%,,,,
L,$42.06 ,$53.04 ,"1,215,165",$48.67 ,23%,,,,
LB,$23.71 ,$38.14 ,"5,010,011",$30.90 ,47%,,,,
LEG,$33.48 ,$46.71 ,"1,222,744",$41.96 ,32%,,,,
LEN,$37.29 ,$58.49 ,"4,120,337",$48.45 ,44%,,,,
LH,$119.38 ,$190.36 ,"804,346",$163.00 ,44%,,,,
LIN,$145.95 ,$185.92 ,"2,467,704",$162.47 ,25%,,,,
LKQ,$22.74 ,$39.51 ,"2,791,740",$29.92 ,56%,,,,
LLL,$158.76 ,$223.73 ,"683,340",$199.75 ,33%,,,,
LLY,$77.09 ,$132.13 ,"7,309,247",$105.46 ,52%,,,,
LMT,$241.18 ,$361.99 ,"1,393,551",$309.36 ,39%,,,,
LNC,$48.07 ,$74.17 ,"1,788,279",$63.41 ,41%,,,,
LNT,$38.22 ,$47.91 ,"1,586,753",$43.41 ,22%,,,,
LOW,$81.16 ,$117.70 ,"4,980,814",$98.69 ,37%,,,,
LRCX,$122.64 ,$212.85 ,"2,963,833",$168.34 ,54%,,,,
LUV,$44.28 ,$64.02 ,"5,270,465",$54.17 ,36%,,,,
LW,$63.01 ,$83.86 ,"1,457,703",$70.72 ,29%,,,,
LYB,$77.52 ,$119.39 ,"2,495,711",$98.94 ,42%,,,,
M,$22.73 ,$41.99 ,"8,881,527",$32.10 ,60%,,,,
MA,$170.65 ,$240.93 ,"3,794,935",$204.87 ,34%,,,,
MAA,$87.47 ,$111.10 ,"589,823",$99.75 ,24%,,,,
MAC,$40.90 ,$60.95 ,"1,125,554",$51.55 ,39%,,,,
MAS,$27.03 ,$41.76 ,"3,872,406",$35.95 ,41%,,,,
MAT,$9.09 ,$17.98 ,"4,747,214",$14.45 ,62%,,,,
MCD,$153.13 ,$192.28 ,"3,672,321",$171.26 ,23%,,,,
MCHP,$60.70 ,$104.20 ,"3,101,821",$83.83 ,52%,,,,
MCK,$106.11 ,$160.84 ,"1,665,448",$130.34 ,42%,,,,
MCO,$129.26 ,$188.51 ,"958,020",$166.07 ,36%,,,,
MDLZ,$37.42 ,$50.05 ,"7,617,373",$43.12 ,29%,,,,
MDT,$78.29 ,$100.15 ,"5,284,521",$90.07 ,24%,,,,
MET,$37.76 ,$48.92 ,"5,932,854",$44.83 ,25%,,,,
MGM,$21.62 ,$36.80 ,"8,838,623",$28.45 ,53%,,,,
MHK,$109.35 ,$247.13 ,"1,065,315",$166.23 ,83%,,,,
MKC,$99.53 ,$156.00 ,"1,094,240",$128.33 ,44%,,,,
MLM,$150.75 ,$232.89 ,"762,337",$196.27 ,42%,,,,
MMC,$74.30 ,$95.43 ,"1,758,290",$84.99 ,25%,,,,
MMM,$176.87 ,$221.69 ,"2,459,293",$202.50 ,22%,,,,
MNST,$47.61 ,$66.38 ,"3,530,075",$56.24 ,33%,,,,
MO,$42.40 ,$66.04 ,"9,514,346",$56.29 ,42%,,,,
MOS,$24.52 ,$37.37 ,"4,081,940",$30.25 ,42%,,,,
MPC,$54.29 ,$88.45 ,"6,341,455",$71.32 ,48%,,,,
MRK,$56.26 ,$83.85 ,"10,718,327",$70.44 ,39%,,,,
MRO,$12.57 ,$24.20 ,"12,342,286",$18.75 ,62%,,,,
MS,$36.74 ,$55.64 ,"11,250,260",$46.44 ,41%,,,,
MSCI,$134.28 ,$218.51 ,"655,797",$166.73 ,51%,,,,
MSFT,$90.28 ,$120.98 ,"29,898,599",$106.40 ,29%,,,,
MSI,$105.06 ,$144.94 ,"1,025,907",$123.20 ,32%,,,,
MTB,$133.78 ,$188.80 ,"890,598",$168.50 ,33%,,,,
MTD,$500.74 ,$750.00 ,"169,133",$603.45 ,41%,,,,
MU,$28.39 ,$64.66 ,"37,690,967",$45.06 ,80%,,,,
MXIM,$46.64 ,$63.68 ,"2,686,577",$56.12 ,30%,,,,
MYL,$26.00 ,$42.50 ,"4,872,621",$34.15 ,48%,,,,
NBL,$17.11 ,$37.76 ,"5,278,284",$28.44 ,73%,,,,
NCLH,$39.36 ,$58.81 ,"2,132,651",$51.28 ,38%,,,,
NDAQ,$75.49 ,$96.84 ,"900,409",$88.50 ,24%,,,,
NEE,$155.06 ,$195.55 ,"1,983,310",$173.33 ,23%,,,,
NEM,$29.06 ,$41.98 ,"6,883,726",$34.78 ,37%,,,,
NFLX,$231.23 ,$423.21 ,"10,905,464",$340.05 ,56%,,,,
NI,$23.23 ,$28.85 ,"3,149,110",$26.07 ,22%,,,,
NKE,$64.99 ,$88.59 ,"6,964,210",$77.62 ,30%,,,,
NKTR,$29.22 ,$104.88 ,"2,654,746",$51.16 ,148%,,,,
NLSN,$20.53 ,$34.86 ,"4,457,116",$27.31 ,52%,,,,
NOC,$223.63 ,$359.88 ,"1,206,117",$293.65 ,46%,,,,
NRG,$29.90 ,$43.66 ,"4,363,756",$36.77 ,37%,,,,
NSC,$132.93 ,$196.57 ,"1,867,131",$165.77 ,38%,,,,
NTAP,$54.50 ,$88.08 ,"2,886,488",$72.73 ,46%,,,,
NTRS,$75.96 ,$115.61 ,"1,219,337",$98.96 ,40%,,,,
NUE,$49.79 ,$68.84 ,"2,443,150",$61.36 ,31%,,,,
NVDA,$124.46 ,$292.76 ,"13,512,505",$211.66 ,80%,,,,
NWL,$14.74 ,$28.38 ,"7,784,173",$21.60 ,63%,,,,
NWS,$10.85 ,$16.80 ,"616,406",$13.97 ,43%,,,,
NWSA,$10.65 ,$16.65 ,"2,864,641",$13.70 ,44%,,,,
O,$48.80 ,$74.14 ,"1,987,886",$60.46 ,42%,,,,
OKE,$50.26 ,$71.99 ,"2,438,315",$65.40 ,33%,,,,
OMC,$65.85 ,$78.75 ,"2,202,992",$73.41 ,18%,,,,
ORCL,$42.40 ,$54.65 ,"17,636,291",$48.68 ,25%,,,,
ORLY,$217.64 ,$409.33 ,"697,418",$326.65 ,59%,,,,
OXY,$56.83 ,$87.67 ,"4,809,331",$74.22 ,42%,,,,
PAYX,$59.55 ,$82.21 ,"2,121,336",$70.16 ,32%,,,,
PBCT,$13.66 ,$19.37 ,"3,513,517",$17.29 ,33%,,,,
PCAR,$53.43 ,$72.89 ,"2,095,844",$64.13 ,30%,,,,
PEG,$49.02 ,$60.36 ,"3,049,437",$53.66 ,21%,,,,
PEP,$95.94 ,$123.19 ,"5,258,166",$111.26 ,24%,,,,
PFE,$34.37 ,$46.47 ,"22,558,610",$40.87 ,30%,,,,
PFG,$40.42 ,$62.07 ,"1,672,867",$52.93 ,41%,,,,
PG,$70.73 ,$105.14 ,"9,185,408",$86.81 ,40%,,,,
PGR,$56.71 ,$73.78 ,"3,346,668",$65.56 ,26%,,,,
PH,$140.82 ,$193.19 ,"1,105,844",$168.02 ,31%,,,,
PHM,$20.64 ,$33.04 ,"5,219,968",$27.58 ,45%,,,,
PKG,$77.90 ,$124.70 ,"883,876",$104.15 ,45%,,,,
PKI,$70.83 ,$103.00 ,"614,525",$84.71 ,38%,,,,
PLD,$55.21 ,$74.44 ,"2,926,865",$66.19 ,29%,,,,
PM,$64.67 ,$103.55 ,"6,466,485",$82.28 ,47%,,,,
PNC,$108.45 ,$152.29 ,"2,412,721",$134.18 ,33%,,,,
PNR,$35.30 ,$49.00 ,"1,661,971",$42.49 ,32%,,,,
PNW,$73.41 ,$97.27 ,"994,019",$84.24 ,28%,,,,
PPG,$94.37 ,$116.73 ,"1,650,140",$106.60 ,21%,,,,
PPL,$25.30 ,$32.89 ,"5,586,038",$29.72 ,26%,,,,
PRGO,$36.28 ,$83.26 ,"1,464,762",$64.58 ,73%,,,,
PRU,$75.61 ,$108.92 ,"2,136,480",$95.84 ,35%,,,,
PSA,$192.02 ,$234.90 ,"948,903",$210.07 ,20%,,,,
PSX,$78.44 ,$123.97 ,"2,704,730",$105.22 ,43%,,,,
PVH,$86.46 ,$169.22 ,"1,118,155",$131.50 ,63%,,,,
PWR,$27.90 ,$40.47 ,"1,398,241",$34.27 ,37%,,,,
PXD,$119.08 ,$213.40 ,"1,652,562",$165.54 ,57%,,,,
PYPL,$70.22 ,$108.54 ,"8,286,827",$87.50 ,44%,,,,
QCOM,$48.56 ,$76.50 ,"13,356,478",$59.21 ,47%,,,,
QRVO,$54.74 ,$86.50 ,"1,319,563",$72.95 ,44%,,,,
RCL,$89.48 ,$133.60 ,"1,775,907",$112.67 ,39%,,,,
RE,$201.09 ,$252.94 ,"284,934",$222.20 ,23%,,,,
REG,$55.38 ,$68.99 ,"1,096,001",$62.54 ,22%,,,,
REGN,$281.89 ,$442.00 ,"763,171",$370.06 ,43%,,,,
RF,$12.39 ,$19.99 ,"12,500,376",$17.12 ,44%,,,,
RHI,$52.79 ,$79.91 ,"1,219,981",$65.68 ,41%,,,,
RHT,$115.31 ,$183.58 ,"2,132,647",$161.58 ,42%,,,,
RJF,$69.11 ,$102.17 ,"938,958",$86.45 ,38%,,,,
RL,$95.63 ,$147.79 ,"1,102,504",$123.47 ,42%,,,,
RMD,$90.64 ,$118.50 ,"850,039",$105.48 ,26%,,,,
ROK,$141.46 ,$198.23 ,"1,058,727",$172.89 ,33%,,,,
ROL,$32.08 ,$42.97 ,"1,007,555",$37.91 ,29%,,,,
ROP,$245.59 ,$351.39 ,"447,251",$291.96 ,36%,,,,
ROST,$75.91 ,$104.35 ,"2,760,803",$89.55 ,32%,,,,
RSG,$64.13 ,$81.20 ,"1,421,376",$72.92 ,23%,,,,
RTN,$144.27 ,$229.75 ,"1,880,048",$189.52 ,45%,,,,
SBAC,$146.13 ,$204.34 ,"810,241",$167.38 ,35%,,,,
SBUX,$47.37 ,$76.95 ,"11,180,778",$60.80 ,49%,,,,
SCHW,$37.83 ,$60.22 ,"6,957,271",$49.01 ,46%,,,,
SEE,$30.22 ,$47.13 ,"1,901,758",$40.57 ,42%,,,,
SHW,$355.28 ,$479.64 ,"730,104",$415.49 ,30%,,,,
SIVB,$177.70 ,$333.74 ,"564,087",$271.78 ,57%,,,,
SJM,$91.32 ,$123.46 ,"1,264,256",$107.48 ,30%,,,,
SLB,$34.99 ,$75.43 ,"9,525,056",$55.78 ,73%,,,,
SLG,$76.77 ,$106.54 ,"716,331",$95.01 ,31%,,,,
SNA,$135.29 ,$189.46 ,"643,915",$161.02 ,34%,,,,
SNPS,$79.14 ,$119.23 ,"1,156,312",$93.87 ,43%,,,,
SO,$42.42 ,$52.65 ,"5,620,154",$46.58 ,22%,,,,
SPG,$145.78 ,$191.49 ,"1,500,173",$174.15 ,26%,,,,
SPGI,$156.68 ,$217.31 ,"1,340,637",$195.15 ,31%,,,,
SRE,$100.49 ,$129.93 ,"1,963,861",$114.85 ,26%,,,,
STI,$46.05 ,$75.08 ,"3,743,105",$64.91 ,45%,,,,
STT,$57.87 ,$104.33 ,"2,568,894",$81.02 ,57%,,,,
STX,$35.38 ,$62.70 ,"3,638,800",$49.19 ,56%,,,,
STZ,$150.37 ,$236.62 ,"2,152,539",$200.30 ,43%,,,,
SWK,$106.41 ,$158.47 ,"1,436,827",$135.14 ,39%,,,,
SWKS,$60.12 ,$104.20 ,"2,045,758",$86.02 ,51%,,,,
SYF,$21.78 ,$36.32 ,"6,230,596",$30.81 ,47%,,,,
SYK,$144.75 ,$199.85 ,"1,355,192",$172.86 ,32%,,,,
SYMC,$17.43 ,$29.20 ,"7,960,609",$21.63 ,54%,,,,
SYY,$59.44 ,$75.98 ,"2,873,273",$67.36 ,25%,,,,
T,$26.80 ,$35.82 ,"37,334,538",$31.63 ,29%,,,,
TAP,$54.17 ,$74.00 ,"2,093,513",$63.55 ,31%,,,,
TDG,$306.53 ,$469.01 ,"386,723",$364.88 ,45%,,,,
TEL,$69.84 ,$102.65 ,"1,905,577",$86.01 ,38%,,,,
TFX,$226.02 ,$309.99 ,"341,071",$266.66 ,31%,,,,
TGT,$60.15 ,$90.39 ,"5,079,910",$77.05 ,39%,,,,
TIF,$73.04 ,$141.64 ,"1,823,721",$110.15 ,62%,,,,
TJX,$40.47 ,$56.64 ,"5,471,265",$49.35 ,33%,,,,
TMK,$69.68 ,$89.62 ,"542,457",$84.12 ,24%,,,,
TMO,$202.83 ,$282.98 ,"1,527,324",$233.84 ,34%,,,,
TPR,$30.69 ,$55.50 ,"3,610,485",$42.45 ,58%,,,,
TRIP,$36.75 ,$69.00 ,"2,273,894",$53.57 ,60%,,,,
TROW,$84.59 ,$127.43 ,"1,368,319",$106.41 ,40%,,,,
TRV,$111.08 ,$138.99 ,"1,510,532",$128.30 ,22%,,,,
TSCO,$58.27 ,$104.74 ,"1,560,855",$84.70 ,55%,,,,
TSN,$49.77 ,$72.42 ,"2,607,788",$63.23 ,36%,,,,
TSS,$75.58 ,$100.39 ,"1,365,270",$90.23 ,27%,,,,
TTWO,$84.41 ,$139.91 ,"2,399,250",$112.11 ,50%,,,,
TWTR,$26.19 ,$47.79 ,"24,680,221",$33.62 ,64%,,,,
TXN,$87.70 ,$118.48 ,"5,836,261",$105.42 ,29%,,,,
TXT,$43.27 ,$72.87 ,"1,819,823",$59.92 ,49%,,,,
UA,$13.90 ,$23.28 ,"2,866,996",$18.88 ,50%,,,,
UAA,$15.91 ,$24.96 ,"5,240,891",$20.67 ,44%,,,,
UAL,$65.45 ,$97.85 ,"3,443,879",$81.57 ,40%,,,,
UDR,$34.48 ,$45.84 ,"1,570,890",$40.05 ,28%,,,,
UHS,$109.37 ,$142.22 ,"759,284",$124.79 ,26%,,,,
ULTA,$218.25 ,$355.73 ,"944,625",$273.78 ,50%,,,,
UNH,$220.77 ,$287.94 ,"3,414,440",$255.43 ,26%,,,,
UNM,$26.77 ,$49.33 ,"2,149,751",$36.81 ,61%,,,,
UNP,$126.37 ,$172.44 ,"4,122,933",$151.00 ,31%,,,,
UPS,$89.89 ,$125.09 ,"3,044,042",$111.46 ,32%,,,,
URI,$94.28 ,$181.66 ,"1,584,244",$139.05 ,63%,,,,
USB,$43.14 ,$55.56 ,"7,159,008",$51.30 ,24%,,,,
UTX,$100.48 ,$144.15 ,"4,401,616",$126.21 ,35%,,,,
V,$119.37 ,$159.64 ,"8,614,422",$139.65 ,29%,,,,
VAR,$101.42 ,$142.50 ,"684,899",$120.37 ,34%,,,,
VFC,$67.18 ,$97.00 ,"2,239,216",$84.13 ,35%,,,,
VIAB,$23.31 ,$34.44 ,"3,949,011",$29.70 ,37%,,,,
VLO,$68.81 ,$126.98 ,"3,705,140",$98.84 ,59%,,,,
VMC,$82.52 ,$133.59 ,"1,322,874",$112.50 ,45%,,,,
VNO,$59.48 ,$77.59 ,"960,748",$69.77 ,26%,,,,
VRSK,$95.21 ,$137.00 ,"806,780",$116.43 ,36%,,,,
VRSN,$116.15 ,$190.50 ,"823,254",$153.12 ,49%,,,,
VRTX,$144.07 ,$195.81 ,"1,442,373",$173.67 ,30%,,,,
VTR,$46.55 ,$65.70 ,"2,227,190",$58.34 ,33%,,,,
VZ,$46.09 ,$61.58 ,"15,633,897",$54.05 ,29%,,,,
WAB,$65.09 ,$115.40 ,"1,248,229",$89.92 ,56%,,,,
WAT,$167.94 ,$255.21 ,"592,029",$203.90 ,43%,,,,
WBA,$53.32 ,$86.31 ,"6,632,216",$69.16 ,48%,,,,
WCG,$192.73 ,$324.99 ,"768,619",$259.95 ,51%,,,,
WDC,$33.83 ,$92.06 ,"5,533,841",$59.62 ,98%,,,,
WEC,$58.48 ,$80.05 ,"1,846,119",$68.81 ,31%,,,,
WELL,$49.58 ,$79.41 ,"2,208,252",$66.57 ,45%,,,,
WFC,$43.02 ,$59.53 ,"21,479,163",$52.64 ,31%,,,,
WHR,$99.40 ,$167.54 ,"1,172,642",$132.11 ,52%,,,,
WLTW,$134.50 ,$187.91 ,"677,164",$155.85 ,34%,,,,
WM,$79.96 ,$104.80 ,"1,952,193",$90.33 ,28%,,,,
WMB,$20.36 ,$32.22 ,"9,585,596",$26.96 ,44%,,,,
WMT,$81.78 ,$106.21 ,"8,278,943",$93.03 ,26%,,,,
WRK,$35.20 ,$67.01 ,"2,191,687",$49.37 ,64%,,,,
WU,$16.42 ,$21.37 ,"5,074,659",$18.89 ,26%,,,,
WY,$20.52 ,$38.39 ,"4,626,345",$30.53 ,59%,,,,
WYNN,$90.06 ,$202.48 ,"2,622,038",$138.94 ,81%,,,,
XEC,$55.62 ,$103.91 ,"1,485,412",$84.43 ,57%,,,,
XEL,$41.99 ,$57.51 ,"3,608,474",$49.18 ,32%,,,,
XLNX,$62.54 ,$134.48 ,"2,942,271",$86.40 ,83%,,,,
XOM,$64.65 ,$87.36 ,"12,760,133",$79.29 ,29%,,,,
XRAY,$33.93 ,$51.46 ,"2,569,708",$42.33 ,41%,,,,
XRX,$18.58 ,$34.64 ,"3,140,785",$27.36 ,59%,,,,
XYL,$60.65 ,$82.64 ,"1,069,252",$72.53 ,30%,,,,
YUM,$77.09 ,$101.60 ,"2,023,506",$88.27 ,28%,,,,
ZBH,$96.99 ,$134.55 ,"1,189,479",$117.64 ,32%,,,,
ZION,$38.08 ,$59.19 ,"2,397,854",$50.43 ,42%,,,,
ZTS,$77.00 ,$103.33 ,"2,366,767",$89.20 ,30%,,,,
Grand Total,$5.91 ,"$2,201.84 ","4,424,157",$113.43 ,1936%,,,,
